entry_date,surrogate_key,full_name,birth_date,uf_name,uf,street_name
2022-11-18,1000,Sophie Peixoto,1981-05-18,Goiás,GO,"Passarela Stephany Jesus, 45"
2022-11-05,2000,Miguel Campos,1988-09-04,Amazonas,AM,"Recanto Maitê Nascimento, 81"
2023-01-01,3000,Bryan Cardoso,1992-04-14,Tocantins,TO,"Viaduto de Lima, 49"
2023-03-21,4000,Nicolas Viana,1984-06-08,Mato Grosso do Sul,MS,"Vereda Isadora Campos, 507"
2022-09-26,5000,Heitor Cavalcanti,1993-06-23,Paraná,PR,"Campo Aragão, 58"
2022-11-07,6000,Eloah Moraes,2003-06-29,Tocantins,TO,"Rua de Araújo, 13"
2022-12-02,7000,Ana Júlia Rodrigues,1988-11-25,Alagoas,AL,Viaduto Ribeiro
2022-11-02,8000,Sr. João Vitor Barros,1982-06-19,Tocantins,TO,"Núcleo Caldeira, 230"
2023-01-13,9000,João Lucas Nascimento,1984-04-18,Distrito Federal,DF,"Chácara Cunha, 48"
2022-12-04,10000,Mariana Moura,1989-02-01,Bahia,BA,"Aeroporto de Mendes, 279"
2022-11-01,11000,Alícia Pereira,1996-06-02,Rio de Janeiro,RJ,Quadra Rodrigues
2022-08-24,12000,Maria Eduarda Rezende,1995-05-17,Pernambuco,PE,"Estrada de da Mata, 379"
2022-09-03,13000,Emanuelly Souza,2002-09-03,Mato Grosso do Sul,MS,"Aeroporto Vinicius Rocha, 47"
2022-09-02,14000,Gustavo da Mata,2002-03-08,Espírito Santo,ES,"Fazenda da Mata, 91"
2022-09-27,15000,Paulo Souza,1988-05-26,Goiás,GO,"Lago Nicole Cardoso, 84"
2022-12-01,16000,André Silveira,1981-03-25,Ceará,CE,"Avenida da Conceição, 23"
2022-09-16,17000,Dr. Lucca Gomes,1994-03-09,Espírito Santo,ES,"Pátio Ferreira, 13"
2022-11-01,18000,Kamilly Jesus,1992-06-09,Maranhão,MA,"Setor de Freitas, 1"
2022-12-01,19000,Cauã Porto,1991-05-20,Espírito Santo,ES,"Vereda Catarina da Mata, 84"
2022-08-03,20000,Amanda Silveira,1984-02-08,Pernambuco,PE,"Morro Emanuelly Gonçalves, 529"
2022-12-05,21000,Dra. Valentina da Costa,1988-11-03,Rondônia,RO,"Largo da Cunha, 7"
2023-05-21,22000,Kaique Peixoto,2001-08-09,Maranhão,MA,"Recanto Silva, 98"
2023-02-28,23000,Felipe Araújo,2000-11-10,Paraíba,PB,"Condomínio de Monteiro, 4"
2022-10-18,24000,Bruno Aragão,2000-02-22,Maranhão,MA,"Rua Theo Costela, 84"
2022-09-02,25000,Sra. Maria Luiza da Mata,1987-06-05,Ceará,CE,"Viaduto Carvalho, 14"
2022-09-14,26000,Stella Alves,1987-04-14,Maranhão,MA,"Área Rebeca Fernandes, 5"
2022-11-10,27000,Srta. Mirella da Rocha,1994-09-18,Rio Grande do Norte,RN,"Conjunto Rocha, 9"
2022-08-03,28000,Luana Freitas,1989-09-23,Distrito Federal,DF,Jardim Viana
2022-08-06,29000,Vinicius Costela,1998-07-26,Rio Grande do Norte,RN,"Fazenda Costela, 46"
2022-10-02,30000,Ana Julia Monteiro,2000-05-13,Rio Grande do Norte,RN,"Rodovia Monteiro, 16"
2022-08-02,31000,Evelyn Araújo,2001-02-27,Rio Grande do Sul,RS,"Jardim Barros, 36"
2022-09-02,32000,Lucas Correia,1993-05-14,Bahia,BA,"Conjunto Correia, 332"
2022-12-27,33000,Enrico da Conceição,1990-04-25,Roraima,RR,"Alameda Milena Azevedo, 6"
2022-09-01,34000,Bárbara Dias,1989-06-08,Paraná,PR,"Rua de da Mata, 985"
2023-01-01,35000,Isabella Araújo,1987-10-20,Acre,AC,"Campo Ana Carolina Lima, 91"
2022-08-03,36000,Helena Costela,1991-08-02,Bahia,BA,"Jardim Isabel Caldeira, 245"
2022-08-30,37000,Sr. Anthony Gomes,1982-09-03,Acre,AC,"Estação de Farias, 66"
2022-12-05,38000,Maria Carvalho,2001-01-07,Rondônia,RO,"Vereda de Silva, 6"
2022-11-04,39000,Kamilly Pereira,1983-06-16,Amapá,AP,"Quadra de Moura, 3"
2023-01-20,40000,Francisco Nogueira,1980-11-18,Distrito Federal,DF,"Travessa André Fernandes, 12"
2022-10-07,41000,Maria Luiza Souza,1981-01-30,Espírito Santo,ES,"Vereda de da Rocha, 55"
2022-10-17,42000,Helena Dias,1985-08-25,Minas Gerais,MG,"Lago de Vieira, 16"
2023-01-03,43000,Ana Sophia Araújo,1989-05-10,Espírito Santo,ES,"Colônia Viana, 7"
2022-11-06,44000,Gustavo Henrique da Conceição,1995-09-27,Mato Grosso do Sul,MS,"Colônia de Ramos, 179"
2022-09-26,45000,Manuela Viana,2003-11-15,Amazonas,AM,"Fazenda Nathan Araújo, 11"
2023-01-03,46000,Kaique Rodrigues,1988-10-07,Amapá,AP,"Alameda Danilo Rocha, 2"
2023-01-13,47000,João Barbosa,2000-01-11,Rio de Janeiro,RJ,"Vereda Silveira, 99"
2022-11-05,48000,Sr. Leandro Vieira,1995-06-09,Rio de Janeiro,RJ,"Rodovia Vitor Novaes, 106"
2022-11-04,49000,Gabrielly Costela,1998-12-12,Roraima,RR,"Rodovia João Pedro Pinto, 22"
2022-10-20,50000,João Felipe Oliveira,1983-10-05,Mato Grosso,MT,"Rodovia de Barros, 5"
2022-08-01,51000,Emanuelly Moreira,2001-09-08,Espírito Santo,ES,"Loteamento Davi Luiz Teixeira, 93"
2022-12-04,52000,Luiz Fernando Vieira,1985-07-05,Espírito Santo,ES,"Sítio Fernandes, 88"
2023-02-22,53000,Benjamin Silva,1996-06-18,Mato Grosso do Sul,MS,"Conjunto da Cruz, 62"
2022-10-26,54000,Clara Ramos,1997-01-30,Roraima,RR,"Rua de Moreira, 10"
2022-12-01,55000,Leonardo Jesus,1996-06-07,Paraná,PR,"Praia Melo, 463"
2023-01-04,56000,Eduardo da Costa,1990-04-19,Tocantins,TO,Estação de Jesus
2023-01-03,57000,Alana Ribeiro,2002-03-22,Pernambuco,PE,"Pátio de Dias, 6"
2022-08-01,58000,João Lucas Aragão,1987-08-26,Pernambuco,PE,"Lago Ana Júlia Nascimento, 3"
2023-03-09,59000,Catarina da Rocha,2001-11-04,Distrito Federal,DF,Praia Nunes
2023-01-25,60000,Bruno Ramos,1980-10-09,Bahia,BA,"Alameda Maria Julia Alves, 86"
2022-09-02,61000,Gustavo Henrique da Costa,1989-01-13,Espírito Santo,ES,"Quadra Raul Barbosa, 3"
2022-09-26,62000,Carolina da Rosa,1990-11-28,Maranhão,MA,"Alameda de Rodrigues, 25"
2022-11-20,63000,Camila Campos,1988-02-07,Paraíba,PB,"Morro de da Cunha, 122"
2023-01-03,64000,Laura Gonçalves,1988-08-09,Paraná,PR,"Parque Cardoso, 4"
2022-10-04,65000,Ana Vitória Nunes,1998-03-30,Rondônia,RO,Ladeira da Paz
2022-08-02,66000,Esther Gomes,1997-06-30,Espírito Santo,ES,"Rua Ana Luiza Vieira, 46"
2022-12-02,67000,Henrique Pinto,1988-05-18,Sergipe,SE,"Jardim Stephany Castro, 82"
2022-11-07,68000,Carlos Eduardo Oliveira,1995-11-29,Pará,PA,"Praça de Rodrigues, 143"
2022-11-05,69000,Sra. Olivia Santos,1983-10-11,Rio Grande do Norte,RN,"Praça Ribeiro, 85"
2022-09-04,70000,Alícia Castro,1985-09-05,Amapá,AP,"Largo Valentina Vieira, 77"
2023-01-29,71000,Gustavo Ramos,1995-04-25,Bahia,BA,"Distrito da Rosa, 46"
2023-04-28,72000,Sr. Francisco da Costa,1986-10-12,Goiás,GO,Rodovia Caldeira
2022-11-02,73000,Yuri da Mata,1991-09-14,Roraima,RR,"Núcleo de Lima, 425"
2022-12-26,74000,Cauã Santos,1996-05-04,Rio de Janeiro,RJ,"Lagoa Joana Cardoso, 96"
2022-12-05,75000,Maitê Correia,1990-11-11,Amazonas,AM,"Estação Leandro Monteiro, 8"
2022-12-03,76000,Maria Luiza Pinto,1995-06-17,Alagoas,AL,"Viela de Ribeiro, 61"
2022-08-02,77000,Dr. João Pedro da Paz,1990-02-07,Alagoas,AL,"Lago Jesus, 47"
2023-05-05,78000,Igor da Paz,1988-03-07,Distrito Federal,DF,"Lago Ribeiro, 393"
2022-10-01,79000,Caio Jesus,2002-08-14,Santa Catarina,SC,"Praça Bernardo da Conceição, 83"
2022-10-01,80000,Leonardo Monteiro,2000-04-10,Ceará,CE,"Vila Sales, 61"
2022-11-04,81000,João Vitor Viana,1994-04-26,Mato Grosso do Sul,MS,"Passarela de Moura, 9"
2022-09-06,82000,Laís Mendes,1998-12-26,Piauí,PI,"Alameda Ian da Costa, 19"
2022-12-01,83000,Vitor Rodrigues,1997-03-09,Maranhão,MA,"Esplanada Ferreira, 70"
2023-02-09,84000,Laís Carvalho,1984-05-11,Minas Gerais,MG,Via da Rosa
2022-12-02,85000,Sra. Stephany Azevedo,1996-08-22,Acre,AC,"Largo de da Paz, 97"
2022-12-05,86000,Samuel Cavalcanti,1990-12-01,Distrito Federal,DF,"Morro Isis das Neves, 98"
2023-01-14,87000,Matheus Lopes,1980-05-29,São Paulo,SP,Rodovia de Jesus
2023-01-22,88000,Vicente da Mota,1998-05-23,Amazonas,AM,"Via Fernanda Martins, 6"
2023-01-05,89000,Caroline Melo,1986-04-17,Rio Grande do Sul,RS,Vila de Alves
2022-08-01,90000,Vitor Ferreira,1984-10-13,Mato Grosso do Sul,MS,"Distrito Peixoto, 53"
2023-04-12,91000,Theo Carvalho,1996-05-14,Rondônia,RO,"Lagoa de Moraes, 59"
2022-12-23,92000,Nicolas da Luz,2003-04-08,Rondônia,RO,"Quadra Stephany Pires, 57"
2022-12-22,93000,Manuela Vieira,1998-12-28,Sergipe,SE,"Viela Sarah Castro, 387"
2023-08-03,94000,Maria Fernanda Moraes,1983-11-12,Amapá,AP,"Estação Novaes, 3"
2022-11-27,95000,Carolina Costa,1989-07-12,Maranhão,MA,"Viela Sales, 74"
2022-11-02,96000,Maitê Viana,1984-05-13,Paraná,PR,Aeroporto Cardoso
2022-12-02,97000,Dr. Renan Novaes,1987-01-04,Amazonas,AM,"Área Maria Aragão, 66"
2022-11-02,98000,Kevin Moura,1981-09-25,Rio de Janeiro,RJ,Área de Aragão
2022-11-13,99000,Sr. João Gabriel Peixoto,1981-12-30,Paraná,PR,"Viela de Campos, 73"
2022-11-04,100000,Isis da Paz,2000-05-24,Ceará,CE,"Conjunto Carvalho, 96"
2022-09-22,101000,Lorenzo Ramos,1985-12-11,Roraima,RR,"Morro de Pinto, 218"
2023-02-27,102000,Caroline Viana,1992-03-15,Paraíba,PB,Rodovia de da Rosa
2023-01-08,103000,Renan Moraes,1985-10-09,Piauí,PI,"Trevo de da Mata, 74"
2023-01-06,104000,Sra. Rebeca da Rosa,2003-06-12,Amapá,AP,"Condomínio de Nascimento, 25"
2022-12-02,105000,Eduardo Dias,1993-04-21,Mato Grosso,MT,Conjunto de Aragão
2023-03-24,106000,Isabel Cavalcanti,1980-01-25,Maranhão,MA,"Loteamento de Gonçalves, 35"
2022-12-01,107000,Sra. Alexia Souza,1996-03-13,Alagoas,AL,"Campo João Miguel Sales, 86"
2022-12-28,108000,Pedro Henrique Pereira,1996-06-01,São Paulo,SP,"Praça Viana, 5"
2022-12-01,109000,Theo Cardoso,2002-07-08,Minas Gerais,MG,"Parque João Vitor Cardoso, 33"
2023-02-10,110000,Enzo Ramos,1995-04-24,Piauí,PI,Fazenda Santos
2022-12-05,111000,Vitória Farias,1993-12-31,Paraná,PR,"Vereda Evelyn Cardoso, 668"
2022-10-01,112000,Ian Sales,1986-08-10,Minas Gerais,MG,"Esplanada de da Mota, 48"
2022-08-07,113000,Natália Jesus,2003-10-19,Paraíba,PB,"Esplanada de Moreira, 88"
2022-11-25,114000,Pietro Freitas,1980-08-10,Paraná,PR,"Feira Ana Júlia Araújo, 5"
2022-08-18,115000,Miguel Castro,1991-06-12,Rondônia,RO,"Vale de Barros, 98"
2022-12-08,116000,Eduardo Correia,1998-04-13,Amazonas,AM,"Lago de Gomes, 17"
2022-10-03,117000,Dra. Maria Cecília Jesus,1980-04-18,São Paulo,SP,"Conjunto Rocha, 53"
2022-08-01,118000,Diego da Cunha,1987-02-20,Minas Gerais,MG,"Sítio Oliveira, 9"
2023-01-07,119000,Dra. Carolina Lima,1983-05-15,Roraima,RR,"Alameda Otávio Melo, 8"
2022-12-27,120000,Diego Teixeira,2002-08-21,São Paulo,SP,"Colônia Davi Lucca Pereira, 52"
2022-09-09,121000,Elisa da Mota,2001-08-12,Santa Catarina,SC,"Quadra de Carvalho, 43"
2022-12-01,122000,Enrico Novaes,2001-04-16,Ceará,CE,"Estação de Melo, 72"
2022-11-19,123000,Clara Jesus,1982-06-01,Santa Catarina,SC,"Quadra da Cruz, 5"
2023-04-20,124000,Gabriel Carvalho,1993-11-09,Goiás,GO,Parque Teixeira
2022-08-20,125000,Marcos Vinicius Almeida,1986-01-09,Alagoas,AL,"Núcleo Bernardo Lopes, 56"
2022-08-24,126000,Enzo Gabriel Jesus,1999-04-19,Santa Catarina,SC,"Distrito Lara Lima, 301"
2022-10-06,127000,Ana Carolina Ramos,1988-06-02,Rio Grande do Sul,RS,"Recanto Lorenzo da Cruz, 27"
2022-11-11,128000,Pedro Henrique Castro,1980-10-19,Acre,AC,"Pátio Dias, 74"
2022-09-03,129000,João Silva,1992-05-20,Bahia,BA,"Distrito Lopes, 949"
2022-12-13,130000,Valentina Silveira,1989-03-31,Alagoas,AL,"Vereda Levi Melo, 91"
2023-02-08,131000,Lara Fogaça,2002-06-18,Sergipe,SE,"Quadra de Aragão, 63"
2023-04-15,132000,Dr. Vitor Silva,1982-12-24,Minas Gerais,MG,"Parque Costa, 29"
2023-01-03,133000,Brenda Oliveira,1982-02-12,Ceará,CE,Condomínio Sophie Viana
2023-01-06,134000,Isabella Rocha,1990-12-19,São Paulo,SP,"Setor Maria Vitória Azevedo, 5"
2022-12-20,135000,Manuela da Paz,1998-12-16,Santa Catarina,SC,"Conjunto de Araújo, 71"
2022-11-06,136000,Isadora Freitas,1996-08-07,Maranhão,MA,"Condomínio de Porto, 30"
2022-08-02,137000,Lara Souza,1982-01-24,Pará,PA,"Praça Cunha, 17"
2022-12-17,138000,Diego Oliveira,1991-01-29,Distrito Federal,DF,"Morro Anthony Nunes, 956"
2023-01-07,139000,João Miguel Porto,2003-10-03,Maranhão,MA,"Ladeira de Farias, 82"
2022-09-01,140000,Ryan Teixeira,2000-09-05,Rondônia,RO,"Sítio de Almeida, 654"
2022-12-01,141000,Antônio Fogaça,1980-08-14,Piauí,PI,"Viela das Neves, 9"
2022-10-28,142000,Stephany Araújo,1999-09-30,Sergipe,SE,"Travessa Rezende, 5"
2023-01-12,143000,Olivia Rodrigues,1985-08-16,Paraná,PR,"Morro Yasmin Ferreira, 2"
2022-11-01,144000,Augusto Aragão,1987-09-10,Bahia,BA,"Pátio Sales, 39"
2022-09-02,145000,Alícia Ramos,1982-10-09,Santa Catarina,SC,"Chácara Maria Alice Oliveira, 49"
2022-10-01,146000,Manuela Almeida,1995-01-07,Acre,AC,"Via Maria Luiza Ribeiro, 284"
2022-08-01,147000,Daniel Melo,1982-03-20,Ceará,CE,"Chácara Ryan Barbosa, 56"
2022-10-02,148000,Melissa da Costa,1993-05-31,Paraíba,PB,"Estação Letícia Lima, 27"
2022-10-04,149000,Pietra Azevedo,2003-02-08,Minas Gerais,MG,"Ladeira Enrico da Mota, 51"
2022-11-18,150000,Caio Fernandes,1992-10-31,Bahia,BA,"Alameda da Luz, 106"
2022-11-23,151000,Dr. Diogo Dias,1990-05-04,Sergipe,SE,"Esplanada Peixoto, 5"
2022-12-26,152000,Sra. Raquel da Rocha,1991-12-24,Maranhão,MA,"Condomínio de Rezende, 29"
2022-08-02,153000,Marina da Conceição,1992-12-29,Distrito Federal,DF,"Vale Aragão, 2"
2022-08-31,154000,Ana Julia Azevedo,1988-11-05,Roraima,RR,"Trecho Heloísa Lopes, 93"
2022-11-01,155000,João Miguel Rodrigues,1987-01-26,Paraíba,PB,"Praia Ferreira, 16"
2022-08-02,156000,Lívia Viana,1989-09-15,Rondônia,RO,"Setor Emilly Peixoto, 143"
2022-09-02,157000,Kamilly Farias,1992-03-02,Bahia,BA,"Conjunto Porto, 35"
2022-12-02,158000,Luiza das Neves,1985-06-18,Acre,AC,Morro Lucas Gabriel Lopes
2023-04-15,159000,Clarice Cavalcanti,1982-01-20,Pará,PA,"Vereda Beatriz Barbosa, 2"
2023-04-10,160000,Bárbara Porto,1988-04-24,Pernambuco,PE,"Vale da Mota, 8"
2022-11-06,161000,Luiz Fernando Mendes,1993-08-04,Ceará,CE,"Rua Catarina Teixeira, 86"
2022-12-05,162000,Cecília Vieira,1985-09-19,Espírito Santo,ES,"Recanto de Azevedo, 17"
2022-12-01,163000,Ryan da Rocha,1997-01-07,Distrito Federal,DF,"Vale Nicolas Porto, 30"
2022-12-13,164000,Mariane Ramos,1999-11-18,Ceará,CE,"Favela Thales da Rocha, 32"
2022-10-01,165000,Vicente Jesus,1988-09-09,Paraíba,PB,"Parque de Costa, 7"
2022-11-01,166000,Benício Pinto,1982-07-11,Paraná,PR,"Praça Lopes, 470"
2022-08-02,167000,Pedro Lucas Oliveira,1994-07-25,Acre,AC,"Residencial Moura, 33"
2022-10-03,168000,Bryan Melo,1994-06-12,Mato Grosso,MT,"Chácara de Silveira, 7"
2022-10-11,169000,Srta. Manuela Moura,1992-11-30,Ceará,CE,"Estrada de da Paz, 487"
2022-10-01,170000,Luiz Henrique da Luz,1998-11-22,Pernambuco,PE,Morro de Teixeira
2022-09-03,171000,Dr. Ian Carvalho,1988-03-29,Mato Grosso,MT,"Condomínio de da Rosa, 7"
2023-04-27,172000,Joana Oliveira,1984-01-06,Rio de Janeiro,RJ,"Viela João Felipe Nascimento, 35"
2022-12-02,173000,Sr. Enrico Jesus,1991-12-26,Santa Catarina,SC,Quadra Helena Pires
2022-08-01,174000,Dr. Raul Silva,2000-03-26,Mato Grosso do Sul,MS,"Pátio Almeida, 30"
2022-08-27,175000,Leonardo Araújo,1996-11-23,Mato Grosso do Sul,MS,Feira Cavalcanti
2022-09-02,176000,Eduarda Barros,1999-07-06,Roraima,RR,"Rodovia de da Mota, 29"
2023-02-10,177000,Benício das Neves,1983-10-13,Tocantins,TO,"Largo de Rocha, 1"
2022-12-16,178000,Luiz Felipe Peixoto,1999-10-28,Distrito Federal,DF,"Área Ana Clara Jesus, 21"
2022-11-01,179000,Matheus Rezende,2001-12-08,Espírito Santo,ES,"Recanto Miguel da Mata, 8"
2023-04-21,180000,Cauã Campos,1981-12-29,Pernambuco,PE,"Avenida Isis Fernandes, 49"
2023-01-01,181000,Bruno Alves,2001-01-16,Goiás,GO,Rodovia de Porto
2022-10-17,182000,Pietra Cavalcanti,1981-12-16,Mato Grosso,MT,"Lagoa Melo, 87"
2022-11-25,183000,Isabella Dias,1987-12-10,Mato Grosso,MT,"Campo Stephany Fogaça, 9"
2022-11-03,184000,Bryan Almeida,1992-02-28,Maranhão,MA,"Chácara Silveira, 1"
2022-12-04,185000,Alexandre Duarte,2003-08-24,Roraima,RR,"Loteamento Mirella Teixeira, 17"
2022-09-02,186000,Davi Lucas da Costa,1990-03-01,Rio de Janeiro,RJ,"Passarela João Felipe Almeida, 734"
2022-08-02,187000,Dr. Marcos Vinicius Porto,1983-09-10,Paraná,PR,"Aeroporto da Paz, 28"
2022-09-02,188000,Dr. Nicolas da Costa,1999-10-22,Sergipe,SE,Sítio de Farias
2022-12-01,189000,Srta. Emanuella Almeida,1988-03-19,Amapá,AP,"Passarela Luiz Miguel Monteiro, 24"
2022-12-01,190000,Sofia Freitas,1984-11-11,Rio de Janeiro,RJ,"Passarela Almeida, 300"
2022-11-29,191000,Davi Luiz Melo,1992-07-27,Distrito Federal,DF,"Passarela Danilo da Costa, 9"
2022-12-28,192000,Valentina Vieira,1997-06-19,Pernambuco,PE,"Vereda Maria Rocha, 2"
2023-03-14,193000,Dr. Bryan Rezende,1990-06-12,Pará,PA,"Ladeira Maria Julia Dias, 32"
2022-12-01,194000,Letícia da Luz,1990-02-07,Piauí,PI,"Fazenda de Araújo, 82"
2022-12-01,195000,Ana Clara da Costa,1991-12-27,Minas Gerais,MG,"Praça Nina Pires, 666"
2022-10-16,196000,Julia Barbosa,2002-01-06,Distrito Federal,DF,"Passarela Cardoso, 49"
2022-11-02,197000,Lívia Araújo,1987-02-11,São Paulo,SP,"Via de Lopes, 5"
2022-08-10,198000,Alana Costela,1985-07-22,Acre,AC,"Trecho Costa, 8"
2022-08-01,199000,Murilo Rocha,1983-06-07,Rondônia,RO,"Quadra Calebe Souza, 73"
2022-09-07,200000,Dr. Guilherme Lima,1980-05-25,Paraná,PR,"Morro de Fernandes, 69"
2022-11-05,201000,Emanuel Araújo,1984-11-10,Rio Grande do Norte,RN,"Aeroporto Maria Vitória Pires, 80"
2022-09-15,202000,Theo Martins,1994-04-20,Acre,AC,"Largo Raquel Ribeiro, 847"
2022-10-01,203000,Melissa Ribeiro,1993-12-06,Distrito Federal,DF,"Passarela de Caldeira, 87"
2023-01-26,204000,Augusto Rodrigues,2000-06-06,Distrito Federal,DF,Jardim de Duarte
2023-05-06,205000,Ana Júlia da Rocha,1984-07-07,Pará,PA,"Colônia Maria da Cruz, 26"
2022-08-02,206000,Luana Castro,1998-03-30,Paraná,PR,"Fazenda de Silveira, 41"
2022-12-23,207000,Bruno Lima,1987-08-16,Tocantins,TO,"Feira da Mata, 94"
2022-12-10,208000,Mirella das Neves,1985-06-11,Acre,AC,"Distrito Maria Vitória Rodrigues, 1"
2022-12-07,209000,Luiz Miguel da Paz,1981-11-25,Rio de Janeiro,RJ,"Jardim de Ramos, 67"
2022-11-09,210000,Mirella Aragão,1985-10-05,Rio de Janeiro,RJ,"Via da Mata, 6"
2023-01-14,211000,Agatha Nunes,1985-09-21,Roraima,RR,Lago de Dias
2023-01-10,212000,Isabella Duarte,1980-09-17,Mato Grosso,MT,"Via de Mendes, 792"
2023-01-02,213000,Maria Barbosa,2003-12-31,Rio de Janeiro,RJ,Sítio Francisco da Costa
2022-10-01,214000,Juan das Neves,1989-09-01,Acre,AC,"Setor Daniela Lima, 75"
2023-03-15,215000,Sabrina Moraes,1994-02-11,Maranhão,MA,"Praia de das Neves, 50"
2023-02-16,216000,Pedro Lucas Melo,1983-05-20,Maranhão,MA,"Viaduto Barbosa, 164"
2022-11-17,217000,Pedro da Mata,1996-05-12,Paraná,PR,Colônia Isabelly Araújo
2022-12-25,218000,Erick da Mata,1988-07-23,Roraima,RR,"Loteamento da Costa, 75"
2022-12-17,219000,Diego Cavalcanti,2000-06-08,Mato Grosso do Sul,MS,"Avenida Santos, 47"
2022-09-06,220000,Dra. Heloísa Souza,1981-05-13,Mato Grosso,MT,"Colônia de Gomes, 55"
2022-11-02,221000,Srta. Rebeca Farias,1995-06-22,Goiás,GO,"Pátio Caroline da Rosa, 83"
2022-12-03,222000,Kevin Carvalho,1996-09-28,Goiás,GO,"Morro Vieira, 29"
2022-09-19,223000,Erick Gomes,1990-06-01,Alagoas,AL,Fazenda Ana Luiza Pires
2022-10-04,224000,Dr. Leonardo da Mota,1993-05-02,Piauí,PI,"Viela de Costa, 609"
2022-11-02,225000,Diogo Rezende,1982-08-12,Piauí,PI,"Praça Souza, 60"
2022-10-02,226000,Srta. Camila Cunha,1986-06-13,Mato Grosso do Sul,MS,"Aeroporto da Mata, 9"
2023-03-13,227000,Alícia Vieira,2000-01-12,Rio Grande do Norte,RN,Núcleo Mendes
2022-08-07,228000,Nina Moura,1982-10-06,Paraíba,PB,"Pátio Oliveira, 2"
2022-11-02,229000,Dra. Clarice das Neves,1987-06-12,Paraíba,PB,"Vila de Ramos, 31"
2023-01-19,230000,Beatriz das Neves,1998-02-09,Pará,PA,"Vereda Kaique da Cunha, 274"
2022-10-03,231000,Srta. Fernanda Teixeira,1980-07-27,Rondônia,RO,"Residencial Rocha, 99"
2023-01-24,232000,Cauê Nascimento,1990-11-22,São Paulo,SP,"Fazenda de da Rocha, 846"
2022-12-16,233000,Cauã Dias,1982-09-27,Amapá,AP,"Ladeira Igor Peixoto, 28"
2023-02-06,234000,Yasmin da Luz,1997-11-13,Espírito Santo,ES,"Sítio Juan Cardoso, 5"
2022-12-03,235000,Dr. Benício Oliveira,1997-03-14,Roraima,RR,"Jardim Monteiro, 27"
2022-08-05,236000,Sr. Felipe Cardoso,1983-02-12,Acre,AC,"Avenida Costa, 8"
2022-12-09,237000,Isadora Sales,1992-01-04,Amapá,AP,"Distrito de Jesus, 529"
2023-01-26,238000,Luna da Cunha,1988-01-31,Sergipe,SE,"Vila da Luz, 168"
2022-08-07,239000,Sr. Leandro Campos,1982-12-30,Bahia,BA,"Condomínio Teixeira, 199"
2022-09-08,240000,Diogo da Costa,1994-03-09,Amazonas,AM,"Núcleo Oliveira, 5"
2022-12-08,241000,Ana Carolina Azevedo,1990-09-30,Bahia,BA,"Via de Martins, 6"
2022-09-21,242000,Dra. Sophia Cavalcanti,1992-01-18,Roraima,RR,"Campo de Duarte, 582"
2022-10-03,243000,Sr. Luiz Felipe Souza,2001-03-31,Paraná,PR,"Esplanada de Almeida, 94"
2022-08-15,244000,Gabrielly Pereira,1981-10-14,Paraíba,PB,"Esplanada Luiz Miguel Costa, 2"
2022-12-04,245000,Júlia Nogueira,1999-09-11,Paraíba,PB,Colônia Natália da Costa
2022-10-13,246000,Gustavo Henrique Ribeiro,1982-05-19,Paraíba,PB,"Trevo de Rezende, 4"
2022-11-28,247000,Luiz Henrique Nogueira,1992-02-18,Amapá,AP,"Estação Isabelly da Luz, 28"
2022-10-03,248000,Heloísa Aragão,1991-11-09,Paraná,PR,"Vale Moraes, 16"
2022-08-01,249000,Rebeca Rocha,1986-11-03,Roraima,RR,"Colônia de Martins, 89"
2023-01-04,250000,Nathan Freitas,2000-04-29,Rio Grande do Sul,RS,"Vereda de Sales, 720"
2022-08-02,251000,Juliana da Cruz,1999-02-16,Rondônia,RO,Área de Duarte
2023-04-10,252000,Mirella Nascimento,1999-08-31,Rio de Janeiro,RJ,"Pátio Rodrigues, 5"
2022-08-10,253000,Alexia Gonçalves,1998-05-24,Bahia,BA,"Loteamento Freitas, 57"
2022-11-07,254000,Maria Alice Nascimento,1993-11-06,Bahia,BA,"Fazenda de Campos, 31"
2022-12-03,255000,Dr. Juan Mendes,1987-05-25,Acre,AC,"Largo de Rocha, 127"
2022-12-02,256000,Igor Barbosa,1992-08-31,Rio Grande do Norte,RN,"Rua Viana, 546"
2022-11-21,257000,Gabriela Pinto,1992-06-14,Minas Gerais,MG,"Quadra Pinto, 38"
2022-12-19,258000,Dr. Caio Fogaça,1998-01-28,Piauí,PI,"Aeroporto Almeida, 39"
2023-01-16,259000,Ana Julia da Costa,1998-02-02,Pará,PA,"Viaduto Dias, 606"
2023-01-19,260000,Marcos Vinicius Carvalho,1994-10-25,Rio Grande do Norte,RN,"Feira de Cardoso, 9"
2022-09-10,261000,Breno Oliveira,1999-04-14,Rio de Janeiro,RJ,"Vila Caldeira, 246"
2022-12-03,262000,Alice da Luz,1981-04-09,Piauí,PI,"Trecho de Ferreira, 74"
2022-09-02,263000,Dr. Lucas Gabriel Mendes,1992-04-29,Mato Grosso,MT,"Aeroporto Dias, 32"
2022-12-27,264000,Sra. Heloísa Nascimento,1988-08-01,Bahia,BA,"Aeroporto André Souza, 68"
2022-11-03,265000,Stephany Gonçalves,1998-07-30,Distrito Federal,DF,"Largo das Neves, 6"
2023-01-11,266000,Luana Lopes,1996-06-17,Pernambuco,PE,"Fazenda da Mota, 93"
2023-01-16,267000,Marcelo Castro,1995-03-02,Santa Catarina,SC,"Parque de Peixoto, 201"
2022-12-01,268000,Anthony Pires,1991-09-07,Amazonas,AM,Recanto de Azevedo
2023-01-01,269000,Maria Eduarda Lopes,1981-05-28,Sergipe,SE,"Estação Freitas, 40"
2022-12-26,270000,Antônio Campos,2000-12-17,Maranhão,MA,"Loteamento Gomes, 212"
2022-12-03,271000,João Gabriel Cardoso,2000-03-29,Sergipe,SE,"Trecho Cunha, 8"
2023-01-01,272000,Milena Moraes,1991-07-18,Rondônia,RO,"Rua Gabrielly Rocha, 2"
2023-01-05,273000,Isabella Campos,2002-03-11,Paraná,PR,"Vila Juliana Freitas, 992"
2022-12-15,274000,Raul Duarte,1990-05-20,Santa Catarina,SC,"Lago de Costela, 91"
2022-09-03,275000,Lorenzo Moura,1994-03-31,Alagoas,AL,"Alameda Fogaça, 49"
2023-01-01,276000,Murilo Moura,1998-12-18,Maranhão,MA,"Loteamento Costela, 855"
2023-04-10,277000,Sr. Eduardo Lopes,1989-04-08,Goiás,GO,Distrito Carolina Ferreira
2022-11-04,278000,Diego da Rosa,2002-07-16,Alagoas,AL,"Trecho Fernando Ribeiro, 99"
2022-12-01,279000,Luiz Felipe Freitas,1981-05-24,Paraná,PR,"Recanto de Moreira, 97"
2023-02-19,280000,Isabella Barros,1996-09-04,Ceará,CE,"Chácara Otávio da Costa, 27"
2023-02-03,281000,Levi Cardoso,2001-04-12,Goiás,GO,"Loteamento de Aragão, 40"
2022-08-02,282000,Henrique Fernandes,1983-12-25,Paraíba,PB,"Feira de Azevedo, 348"
2023-01-13,283000,Amanda Rocha,2003-03-26,Minas Gerais,MG,"Condomínio Barros, 95"
2022-10-12,284000,Srta. Beatriz Souza,1988-12-12,Paraíba,PB,"Parque de Pinto, 39"
2023-02-04,285000,Guilherme Moura,1983-06-29,Paraíba,PB,"Distrito de Ribeiro, 22"
2022-10-03,286000,Esther Nogueira,1999-04-16,Rio de Janeiro,RJ,"Jardim Monteiro, 17"
2023-03-29,287000,Ana Julia Lopes,2003-07-28,Amapá,AP,Pátio de Oliveira
2023-01-06,288000,Alice Lopes,1988-12-20,Amazonas,AM,"Vale Heloísa Silva, 30"
2022-09-24,289000,Luiz Felipe Rocha,1996-01-05,Alagoas,AL,"Vereda Maysa Araújo, 89"
2022-10-08,290000,Rodrigo da Mata,1982-10-18,Paraíba,PB,Parque Nogueira
2023-02-09,291000,Heloísa Rodrigues,2000-03-06,Acre,AC,"Área Rodrigues, 1"
2023-01-19,292000,Lorena Santos,1983-02-11,Minas Gerais,MG,"Setor de Rocha, 5"
2022-09-01,293000,Vitor Hugo Gonçalves,1985-02-07,Rondônia,RO,"Estrada Giovanna Martins, 73"
2023-01-25,294000,Lorena Correia,1987-11-11,Pernambuco,PE,"Condomínio Ana Luiza Martins, 431"
2022-10-16,295000,Arthur Rocha,1986-10-06,Santa Catarina,SC,Trevo Isabel Nunes
2022-12-05,296000,Thales Ribeiro,1990-10-25,Sergipe,SE,"Recanto de Cardoso, 13"
2022-11-19,297000,Fernando Moura,1997-01-24,Rondônia,RO,Travessa de Pereira
2023-01-02,298000,Isadora Nunes,1981-05-17,Santa Catarina,SC,"Colônia da Cunha, 3"
2022-10-09,299000,Marcos Vinicius Souza,1986-02-11,Rio Grande do Norte,RN,"Quadra Beatriz Rezende, 188"
2022-10-28,300000,Sr. André Ramos,1997-09-27,São Paulo,SP,"Trecho de Lima, 19"
2022-11-28,301000,Isabella Monteiro,1980-01-19,Paraná,PR,"Praça de da Cunha, 71"
2022-11-16,302000,Marina Sales,1998-06-08,Paraíba,PB,"Viaduto Fernandes, 4"
2022-12-06,303000,Maria Alice Vieira,1993-11-06,Paraná,PR,"Parque Novaes, 78"
2023-02-26,304000,Erick da Mota,1983-02-15,Rio de Janeiro,RJ,"Travessa Elisa Novaes, 86"
2023-04-01,305000,Emanuel Pereira,1997-02-06,Paraíba,PB,Viaduto Lima
2023-02-05,306000,Murilo Novaes,2001-06-23,Rondônia,RO,"Estação de da Cunha, 57"
2023-03-09,307000,Marcela da Mota,1989-06-17,São Paulo,SP,"Pátio Nascimento, 109"
2022-08-02,308000,Maitê Jesus,2003-07-23,Maranhão,MA,"Praça Matheus Aragão, 63"
2023-05-17,309000,Danilo Nunes,1992-02-02,Mato Grosso do Sul,MS,"Ladeira de da Luz, 74"
2022-11-30,310000,Heitor Almeida,1984-07-09,Distrito Federal,DF,"Fazenda Sales, 3"
2022-11-02,311000,Ana Clara da Mota,2002-07-21,Goiás,GO,"Trecho Emanuella Moraes, 77"
2023-06-15,312000,Fernando Cardoso,1994-10-30,Paraná,PR,"Sítio Bryan Teixeira, 63"
2022-08-23,313000,Bianca Nascimento,1981-02-06,Santa Catarina,SC,"Fazenda João Pedro Ramos, 51"
2023-01-25,314000,Bruna Pereira,1996-03-30,Acre,AC,"Avenida Monteiro, 30"
2022-12-01,315000,Lorenzo Correia,1985-12-24,Acre,AC,"Lago de Dias, 73"
2022-11-03,316000,Olivia Oliveira,1991-06-06,Acre,AC,"Via de Barros, 3"
2023-01-15,317000,André Lopes,1980-05-16,Tocantins,TO,"Feira Rodrigues, 8"
2023-02-16,318000,Alexia Nogueira,1980-08-30,Distrito Federal,DF,"Praia de Ribeiro, 64"
2022-10-06,319000,Dra. Ana Beatriz Ramos,1993-08-18,São Paulo,SP,"Vale Jesus, 66"
2022-09-06,320000,Augusto Teixeira,2000-10-19,Rio Grande do Norte,RN,"Campo de da Rosa, 61"
2022-12-18,321000,Maitê Carvalho,1994-11-28,Piauí,PI,"Pátio Fogaça, 9"
2022-08-04,322000,João Vitor Costela,1992-09-27,Piauí,PI,"Feira Kamilly Ramos, 86"
2022-12-01,323000,Sra. Brenda Campos,1988-01-19,Maranhão,MA,"Distrito de Lima, 98"
2022-12-01,324000,Dra. Ana Sophia Cunha,2001-03-04,Maranhão,MA,Viaduto de Pires
2022-09-02,325000,Bárbara Ribeiro,1983-02-13,Piauí,PI,"Campo André Ferreira, 623"
2023-01-16,326000,Ana Costa,2002-05-29,Amapá,AP,"Feira Lucas Duarte, 119"
2022-12-29,327000,Lucas Lima,1981-05-30,Sergipe,SE,"Campo Luna Castro, 95"
2023-01-04,328000,Luiz Henrique Pires,1991-02-19,Santa Catarina,SC,"Conjunto de da Conceição, 47"
2022-08-11,329000,Lívia Martins,1995-11-06,Paraná,PR,"Residencial Pires, 93"
2023-01-07,330000,Gabriela Silva,1991-06-03,Espírito Santo,ES,"Favela Valentina Campos, 90"
2023-02-10,331000,Ana Julia Barros,1993-09-04,Piauí,PI,Vale Eduarda Mendes
2022-11-07,332000,Sra. Bárbara Farias,2001-07-01,Amazonas,AM,"Quadra Laís Mendes, 766"
2022-12-09,333000,Luiz Henrique Souza,1999-09-19,Pará,PA,"Passarela de da Luz, 4"
2023-04-01,334000,Isabel Moraes,1987-05-05,Minas Gerais,MG,Setor Esther Mendes
2022-08-02,335000,Matheus Nascimento,1994-04-18,Bahia,BA,"Núcleo Stella da Rocha, 5"
2022-12-17,336000,Alexandre Porto,1998-03-17,Pará,PA,"Vereda Aragão, 77"
2022-12-01,337000,Yago Teixeira,1986-08-18,Bahia,BA,"Estação Ana Vitória Araújo, 68"
2022-11-07,338000,Luiz Felipe Silveira,1992-04-04,Santa Catarina,SC,Rua de Moreira
2022-11-18,339000,Juan Freitas,1995-11-21,Paraná,PR,"Trevo de Caldeira, 77"
2022-11-24,340000,Pedro Miguel Costela,1995-04-22,Alagoas,AL,"Campo de Moura, 90"
2023-01-31,341000,Maria Julia Castro,1997-12-20,Sergipe,SE,"Travessa Freitas, 45"
2022-09-13,342000,Fernanda da Costa,1982-01-10,Alagoas,AL,"Jardim de Campos, 67"
2022-10-17,343000,Emanuel Cardoso,1982-05-21,Amapá,AP,"Vereda Silveira, 19"
2022-11-20,344000,Luiz Felipe da Cruz,1995-06-08,Rio de Janeiro,RJ,Largo de Oliveira
2022-11-14,345000,Joana Cavalcanti,1989-11-22,Rondônia,RO,"Trevo de Martins, 76"
2022-12-01,346000,Alexandre da Cunha,1993-12-14,Amazonas,AM,"Vila Maitê da Costa, 56"
2022-10-02,347000,Caroline Silveira,1983-12-27,Piauí,PI,"Rua Esther Porto, 22"
2022-10-08,348000,Dr. Vinicius Freitas,1996-11-04,Distrito Federal,DF,"Loteamento Ferreira, 16"
2022-09-30,349000,Sr. Enrico Farias,1995-07-02,Mato Grosso do Sul,MS,Estrada de Peixoto
2023-07-15,350000,Lívia Pereira,1989-12-29,Santa Catarina,SC,"Ladeira de Gomes, 98"
2022-11-20,351000,Sr. João Lopes,2002-03-01,Mato Grosso do Sul,MS,"Trecho Rodrigues, 87"
2022-12-17,352000,Maria Julia Monteiro,1990-12-16,Santa Catarina,SC,"Lago Lavínia Ramos, 73"
2022-10-20,353000,Danilo Campos,2002-07-21,Goiás,GO,"Estrada de Ribeiro, 4"
2022-12-08,354000,Bryan Nascimento,1983-01-07,Rio Grande do Norte,RN,"Sítio Emanuel Rocha, 68"
2022-11-17,355000,Eduardo Carvalho,2002-10-16,Amazonas,AM,"Distrito de Almeida, 5"
2022-11-18,356000,Carlos Eduardo Nascimento,1991-06-27,Alagoas,AL,"Trevo de Teixeira, 3"
2022-10-25,357000,Amanda Ribeiro,1988-08-27,Pará,PA,"Praia de Souza, 963"
2022-10-03,358000,João Lucas Campos,1985-05-15,Espírito Santo,ES,"Setor das Neves, 36"
2022-10-03,359000,Emanuel Novaes,1990-08-03,Distrito Federal,DF,Campo da Conceição
2022-10-23,360000,Luiz Fernando Nunes,1999-11-06,Paraná,PR,"Lago de Peixoto, 9"
2022-09-30,361000,Henrique Farias,2002-07-03,Amapá,AP,"Distrito de Vieira, 41"
2023-01-18,362000,Ana Nunes,1993-07-23,Paraíba,PB,Conjunto Lavínia da Cunha
2022-12-10,363000,Manuela Moreira,1988-04-17,Pernambuco,PE,"Trevo Elisa Lima, 84"
2022-09-30,364000,Arthur Teixeira,1985-05-15,Maranhão,MA,Rua Oliveira
2023-04-22,365000,Bryan Sales,1980-04-09,Acre,AC,"Fazenda Henrique Souza, 12"
2023-01-21,366000,Esther da Costa,1989-10-07,Rio Grande do Norte,RN,"Parque de Nogueira, 420"
2023-01-13,367000,Luigi Costa,1984-12-18,Pernambuco,PE,"Parque de Mendes, 31"
2022-11-04,368000,Luiz Miguel Rodrigues,1980-09-27,Tocantins,TO,"Aeroporto Lima, 17"
2023-05-06,369000,Maria Luiza Barros,1981-04-18,Distrito Federal,DF,"Recanto Freitas, 85"
2022-09-30,370000,Dr. Theo Duarte,2000-11-17,Alagoas,AL,Favela Emanuella Correia
2023-05-16,371000,Pedro Lucas Gomes,2000-02-17,Pernambuco,PE,"Chácara de Gomes, 192"
2022-10-18,372000,Noah Peixoto,1993-12-28,Rio Grande do Norte,RN,Largo Barros
2023-01-11,373000,Thales Moura,1988-03-30,Amapá,AP,"Quadra Pinto, 783"
2022-11-11,374000,Carlos Eduardo Costa,1986-08-04,Espírito Santo,ES,"Largo de Nunes, 57"
2023-03-05,375000,Sr. Theo Santos,1984-06-18,Bahia,BA,"Rodovia de Viana, 57"
2022-09-06,376000,João Guilherme Farias,2003-10-28,Pará,PA,"Estação Eloah Lopes, 79"
2022-10-10,377000,Sabrina Nunes,1996-01-14,Maranhão,MA,"Rua de Castro, 36"
2023-01-09,378000,Luiz Fernando Castro,1988-04-12,Amapá,AP,"Recanto Farias, 37"
2023-03-06,379000,Gustavo Nunes,2003-11-07,Paraíba,PB,"Praia de Pereira, 3"
2022-11-22,380000,Eduardo Teixeira,1997-05-24,São Paulo,SP,"Trecho de Lopes, 69"
2022-12-13,381000,Isaac Oliveira,1998-08-19,Tocantins,TO,"Fazenda Rafaela da Paz, 884"
2022-12-01,382000,Lorena Araújo,1986-11-27,Amazonas,AM,"Favela de Souza, 599"
2023-02-28,383000,Francisco Cunha,1991-07-15,Espírito Santo,ES,"Loteamento Rodrigues, 625"
2023-02-02,384000,Marcela Nunes,1984-12-06,Espírito Santo,ES,"Via Moura, 23"
2023-03-29,385000,Joana Barros,1998-02-09,Santa Catarina,SC,"Vereda Moura, 47"
2023-04-24,386000,Luiz Felipe Novaes,1997-09-19,Maranhão,MA,Favela Isabella Nascimento
2023-01-25,387000,Fernanda Nunes,1998-04-05,Paraíba,PB,"Rua Araújo, 54"
2022-11-01,388000,Cecília Barbosa,1986-04-07,Sergipe,SE,"Núcleo Fogaça, 419"
2022-12-13,389000,Dr. João Guilherme da Mata,2003-01-17,Amapá,AP,"Estrada Moura, 46"
2022-12-25,390000,Maysa Moraes,1999-07-18,Sergipe,SE,"Fazenda de Farias, 36"
2023-02-28,391000,Maria Luiza Carvalho,1997-04-29,Piauí,PI,"Quadra de Alves, 55"
2022-12-28,392000,Bárbara Duarte,2002-09-01,Bahia,BA,"Área Maria Julia Sales, 403"
2023-05-11,393000,Laís Ramos,2000-09-24,Sergipe,SE,"Favela de Rodrigues, 45"
2023-04-18,394000,Dr. Davi Luiz Almeida,1994-02-23,Paraíba,PB,"Avenida das Neves, 11"
2023-03-25,395000,Felipe Monteiro,2003-11-29,Distrito Federal,DF,"Loteamento Moreira, 72"
2023-02-09,396000,Dr. Anthony Costela,2002-09-03,Rio Grande do Norte,RN,"Núcleo Cardoso, 71"
2023-03-11,397000,Guilherme Ferreira,1998-12-04,São Paulo,SP,"Pátio Davi Lucca Moura, 749"
2023-01-24,398000,Bryan Novaes,1995-09-04,São Paulo,SP,"Vila Freitas, 723"
2022-11-26,399000,Lara Duarte,2000-07-15,Paraíba,PB,"Esplanada Maitê Campos, 8"
2023-03-10,400000,Davi Lucca Aragão,2000-10-28,Espírito Santo,ES,Viela Carvalho
2023-01-29,401000,Matheus Fernandes,1983-02-27,Rio de Janeiro,RJ,"Pátio Sophie Pereira, 844"
2022-10-23,402000,Ana Luiza Pereira,1989-07-12,Sergipe,SE,"Recanto Pedro Miguel da Mata, 37"
2023-01-24,403000,Ana Luiza Peixoto,1993-10-20,Maranhão,MA,"Pátio Heloísa Nunes, 80"
2022-10-17,404000,Pedro Henrique Mendes,1981-03-17,Sergipe,SE,"Recanto Heitor Souza, 765"
2023-06-21,405000,João Almeida,1997-08-13,Amapá,AP,"Colônia de Melo, 26"
2023-04-11,406000,Diego Ramos,1983-05-31,Tocantins,TO,"Travessa de Castro, 59"
2023-02-26,407000,Kamilly Novaes,1999-08-09,Maranhão,MA,"Distrito Azevedo, 3"
2022-10-22,408000,Ana Lívia Gomes,1998-06-13,Minas Gerais,MG,"Quadra de Souza, 761"
2023-02-04,409000,Sra. Emanuella Duarte,1999-10-19,Rio de Janeiro,RJ,Rodovia Luiz Fernando Cardoso
2023-02-07,410000,Maria Clara Rocha,1985-02-08,Piauí,PI,"Colônia de Pinto, 28"
2023-03-03,411000,Rodrigo Lima,1980-08-07,Rondônia,RO,"Lagoa Rezende, 33"
2023-04-24,412000,Antônio Martins,1986-08-22,Rio Grande do Norte,RN,"Recanto Nunes, 90"
2023-05-02,413000,Thales Caldeira,1983-08-16,Distrito Federal,DF,Estrada Heloísa da Paz
2022-12-07,414000,Letícia da Mata,1982-10-03,Piauí,PI,"Lago de da Luz, 824"
2023-02-11,415000,Isabel Dias,2000-12-09,Goiás,GO,"Jardim Viana, 75"
2022-11-26,416000,Sr. Guilherme da Mota,1987-05-19,Piauí,PI,"Campo Vieira, 8"
2023-01-30,417000,Alexandre Santos,1999-09-20,Rio Grande do Norte,RN,"Trecho de Gonçalves, 157"
2023-04-10,418000,Yasmin Cardoso,1981-05-12,Santa Catarina,SC,"Viaduto Bryan Monteiro, 8"
2023-04-02,419000,Dr. Carlos Eduardo Jesus,1984-10-25,Goiás,GO,"Fazenda de Freitas, 3"
2023-02-18,420000,Nina Costela,1984-05-31,Maranhão,MA,"Rua de Cardoso, 9"
2022-11-01,421000,Renan Moreira,1989-04-10,Minas Gerais,MG,Viela de Correia
2023-02-03,422000,Mariana Fernandes,1996-10-21,Rondônia,RO,"Largo Emanuelly Porto, 49"
2023-02-05,423000,Evelyn Almeida,1990-11-22,Pernambuco,PE,"Vale da Paz, 80"
2023-03-26,424000,Sr. Marcelo Silva,1994-08-28,Distrito Federal,DF,"Fazenda de Ramos, 29"
2023-04-30,425000,Letícia Cunha,1982-01-22,Roraima,RR,"Campo Levi da Cruz, 3"
2023-06-30,426000,Ana Laura da Cunha,1991-10-09,Alagoas,AL,"Sítio de Vieira, 49"
2023-01-05,427000,Isaac Monteiro,1982-08-25,Distrito Federal,DF,Quadra Maria Alice Souza
2023-07-04,428000,Paulo Rodrigues,1992-04-16,Alagoas,AL,"Chácara Maria Eduarda Almeida, 875"
2023-08-03,429000,Benjamin Souza,1995-05-29,Amazonas,AM,"Jardim Fernanda Castro, 27"
2022-12-01,430000,Ana Vitória Aragão,1991-08-29,Acre,AC,"Parque João Felipe Aragão, 26"
2023-04-20,431000,Rafael Cunha,1981-01-10,Bahia,BA,"Largo Sofia Lima, 41"
2023-06-03,432000,Yago Araújo,1981-03-05,Acre,AC,"Vereda Ian da Rosa, 936"
2023-03-30,433000,Melissa Rodrigues,1982-03-06,São Paulo,SP,"Recanto Mariane da Mata, 38"
2023-02-23,434000,Renan Sales,1982-07-26,Alagoas,AL,"Morro de Lima, 9"
2022-11-21,435000,Sr. Luiz Henrique da Paz,1993-04-15,Pernambuco,PE,"Alameda Ian Ramos, 35"
2023-04-14,436000,Luiz Henrique Rodrigues,1990-07-29,Alagoas,AL,"Vila de Rocha, 98"
2023-02-20,437000,Luana Novaes,1987-10-20,Ceará,CE,"Feira Gabrielly Castro, 29"
2023-04-20,438000,Esther Castro,1980-12-09,Bahia,BA,Jardim de Porto
2023-04-03,439000,Matheus Santos,1982-10-31,Santa Catarina,SC,"Trecho de Pinto, 1"
2023-03-25,440000,Helena Lima,1993-12-02,Goiás,GO,"Jardim Kamilly Peixoto, 44"
2022-12-29,441000,Vitor Gabriel Cardoso,1990-04-01,Maranhão,MA,"Estrada Caldeira, 48"
2023-03-21,442000,João da Costa,1996-01-05,São Paulo,SP,"Praia Jesus, 506"
2023-01-19,443000,Dr. Paulo Porto,1994-05-23,Pará,PA,"Distrito Sabrina Farias, 26"
2023-02-05,444000,Anthony Fogaça,1991-05-29,Maranhão,MA,Fazenda Antônio Moraes
2023-02-14,445000,Gustavo Henrique Alves,1990-07-08,Paraná,PR,"Rodovia Luana Pires, 247"
2023-02-09,446000,Lara Farias,1982-09-19,Minas Gerais,MG,"Passarela Isis Lima, 77"
2022-12-11,447000,Sophie Viana,2003-03-24,Rio Grande do Sul,RS,"Favela de da Mata, 46"
2022-12-12,448000,Nina Souza,1980-07-10,Rio Grande do Norte,RN,"Vereda Fernando Novaes, 51"
2023-03-25,449000,Felipe Costa,1990-01-01,Ceará,CE,Sítio de Monteiro
2023-05-19,450000,Emanuel da Mota,1993-02-23,Amazonas,AM,"Trecho de da Rosa, 61"
2023-03-12,451000,Luiz Felipe da Conceição,1993-06-03,Alagoas,AL,Residencial de Barros
2023-03-14,452000,Nicolas Costela,1996-03-29,Santa Catarina,SC,"Colônia Costa, 34"
2023-02-10,453000,Dr. Rafael Lima,1991-03-16,Amapá,AP,"Estrada Vieira, 889"
2023-04-11,454000,João Teixeira,1996-06-11,Rondônia,RO,"Rua de Nascimento, 88"
2023-04-10,455000,Nicolas Teixeira,2002-03-07,Rio de Janeiro,RJ,"Jardim de Pereira, 535"
2023-05-14,456000,Srta. Isis Dias,1986-03-04,Espírito Santo,ES,"Conjunto Diogo Nascimento, 24"
2023-01-29,457000,Sra. Letícia Pinto,1993-04-16,Sergipe,SE,"Vale Silveira, 6"
2023-01-19,458000,Joaquim Vieira,1989-02-27,Paraíba,PB,"Loteamento de Barbosa, 42"
2023-02-28,459000,Otávio Souza,1994-12-13,Amapá,AP,Rodovia Luna Rodrigues
2022-12-15,460000,Stella da Costa,1993-08-15,Santa Catarina,SC,Praia Nunes
2023-02-16,461000,Thiago Rocha,1980-07-17,Minas Gerais,MG,"Aeroporto Ana Beatriz Viana, 67"
2023-05-23,462000,Sra. Sophie Campos,1999-02-26,Rio Grande do Norte,RN,"Pátio de da Luz, 7"
2023-05-26,463000,Natália Cardoso,1993-02-24,Santa Catarina,SC,"Colônia Almeida, 344"
2023-04-26,464000,Yuri Ribeiro,1998-11-11,São Paulo,SP,Rua Campos
2023-01-23,465000,Davi Luiz Vieira,2001-01-06,Espírito Santo,ES,"Sítio Isaac Mendes, 516"
2023-02-02,466000,Enzo Gabriel Caldeira,2002-01-20,Acre,AC,"Sítio da Luz, 61"
2023-04-18,467000,Cauã Gonçalves,1986-06-11,Sergipe,SE,"Fazenda Silva, 35"
2023-01-05,468000,Lucca Nunes,1982-06-01,Acre,AC,"Sítio Jesus, 26"
2023-04-30,469000,João Miguel Caldeira,1999-12-28,Amapá,AP,"Via de Nascimento, 88"
2023-04-30,470000,Heitor Fernandes,1994-03-14,Rio Grande do Sul,RS,"Avenida de Castro, 40"
2023-05-02,471000,Thiago Monteiro,1986-03-12,Bahia,BA,"Recanto de Cavalcanti, 16"
2023-01-31,472000,Ana Clara Jesus,1995-10-01,Sergipe,SE,"Feira Evelyn Moreira, 8"
2023-04-19,473000,Eduardo Ramos,1981-12-23,Rondônia,RO,"Passarela Fogaça, 32"
2023-04-08,474000,Dr. Benjamin Almeida,1992-09-05,Roraima,RR,Lagoa de Gomes
2023-03-30,475000,Benjamin Oliveira,1984-10-01,Maranhão,MA,"Favela Isaac Cardoso, 43"
2023-02-16,476000,Alexandre Pires,2002-08-07,Tocantins,TO,"Condomínio Moura, 22"
2023-06-28,477000,Nina Freitas,1992-03-04,Rio Grande do Norte,RN,"Quadra de Oliveira, 17"
2023-06-27,478000,Kamilly Barros,1990-04-20,Roraima,RR,"Trecho de Peixoto, 320"
2022-12-01,479000,Sr. Carlos Eduardo Silveira,1980-09-23,Maranhão,MA,"Campo Heloísa Monteiro, 95"
2023-07-07,480000,Maria Cecília Souza,1997-04-19,Pernambuco,PE,"Viela de Teixeira, 38"
2023-03-23,481000,Maria Fernanda Gonçalves,1997-09-30,Rondônia,RO,"Favela Pietra Lima, 4"
2022-12-01,482000,Olivia Ribeiro,1994-06-16,Rondônia,RO,"Via Paulo Rezende, 631"
2023-03-12,483000,Maria Vitória Jesus,1994-03-19,Rio Grande do Sul,RS,"Setor de Costa, 442"
2023-05-29,484000,Nicole Lopes,1988-12-21,Amapá,AP,Rodovia Dias
2023-07-13,485000,Bruna Pires,1991-01-16,Alagoas,AL,"Quadra Farias, 5"
2023-03-15,486000,Danilo da Cruz,1996-06-10,Mato Grosso,MT,"Recanto Julia Sales, 715"
2023-06-24,487000,Davi Rodrigues,1988-07-21,Ceará,CE,"Lagoa Cecília Nogueira, 14"
2023-03-05,488000,Isadora Lopes,1981-05-15,Ceará,CE,"Sítio Lorenzo Pires, 87"
2023-03-10,489000,Luiz Gustavo Lopes,1997-11-18,Rio Grande do Sul,RS,"Lago Eduarda Nascimento, 82"
2023-08-17,490000,Paulo Pinto,1997-03-23,Amapá,AP,"Vale de Pereira, 1"
2023-06-10,491000,Sra. Maria Cecília Ribeiro,1999-01-01,Roraima,RR,"Trecho Gomes, 93"
2023-07-13,492000,Yasmin Novaes,1996-01-10,Tocantins,TO,"Via de Viana, 92"
2023-03-19,493000,Valentina Cavalcanti,1992-06-28,Maranhão,MA,Vereda Almeida
2023-06-26,494000,Rodrigo Jesus,1999-12-07,Goiás,GO,"Vale de Mendes, 50"
2023-06-06,495000,Maria Vitória da Costa,1980-08-24,Acre,AC,"Ladeira Ana Júlia Freitas, 46"
2023-07-03,496000,Bruna da Mota,1998-03-13,Amazonas,AM,"Vereda Moraes, 355"
2023-07-26,497000,Sra. Isis Costa,1990-10-26,Rio Grande do Sul,RS,"Estação de das Neves, 68"
2023-03-19,498000,Noah da Cruz,1991-05-15,Distrito Federal,DF,"Via Cavalcanti, 2"
2022-12-01,499000,Kamilly Farias,1988-06-21,Mato Grosso do Sul,MS,"Aeroporto Júlia Rocha, 942"
2022-12-01,500000,Davi Sales,1990-03-31,Rio de Janeiro,RJ,"Setor Erick Fernandes, 5"
